{
    "mse": 0.004057573270267456,
    "r2_score": 0.006404466082970628
}