{
    "mse": 0.000685511319645098,
    "r2_score": 0.8321358752434698
}