{
    "mse": 0.0006448887716509828,
    "r2_score": 0.8420832944457415
}